{
  "AUC": 0.9873555555555554,
  "AP": 0.9792670613403507,
  "EER": 0.03666666666666665,
  "thr_EER": 0.2857142857142857,
  "Brier": 0.032185997406653115,
  "thr_at_FPR_1pct": 1.0,
  "CM_at_EER": [
    [
      141,
      9
    ],
    [
      2,
      148
    ]
  ],
  "CM_at_FPR_1pct": [
    [
      148,
      2
    ],
    [
      14,
      136
    ]
  ]
}