{
  "AUC": 0.9056222222222221,
  "AP": 0.9053232367001462,
  "EER": 0.13,
  "thr_EER": 0.019728777996455997,
  "Brier": 0.14131682952679897,
  "thr_at_FPR_1pct": 0.7344069262001297,
  "CM_at_EER": [
    [
      132,
      18
    ],
    [
      21,
      129
    ]
  ],
  "CM_at_FPR_1pct": [
    [
      149,
      1
    ],
    [
      60,
      90
    ]
  ]
}