{
  "AUC": 0.9445333333333332,
  "AP": 0.928856227890036,
  "EER": 0.08666666666666668,
  "thr_EER": 0.2857142857142857,
  "Brier": 0.07603222811876303,
  "thr_at_FPR_1pct": Infinity,
  "CM_at_EER": [
    [
      135,
      15
    ],
    [
      11,
      139
    ]
  ],
  "CM_at_FPR_1pct": [
    [
      150,
      0
    ],
    [
      150,
      0
    ]
  ]
}