{
  "AUC": 0.9842222222222223,
  "AP": 0.9774909578288037,
  "EER": 0.026666666666666686,
  "thr_EER": 0.8858537765516834,
  "Brier": 0.024678228869388412,
  "thr_at_FPR_1pct": 1.0,
  "CM_at_EER": [
    [
      148,
      2
    ],
    [
      6,
      144
    ]
  ],
  "CM_at_FPR_1pct": [
    [
      148,
      2
    ],
    [
      7,
      143
    ]
  ]
}