{
  "AUC": 0.860111111111111,
  "AP": 0.8210507092745003,
  "EER": 0.21333333333333335,
  "thr_EER": 0.2857142857142857,
  "Brier": 0.16234310363777396,
  "thr_at_FPR_1pct": Infinity,
  "CM_at_EER": [
    [
      107,
      43
    ],
    [
      21,
      129
    ]
  ],
  "CM_at_FPR_1pct": [
    [
      150,
      0
    ],
    [
      150,
      0
    ]
  ]
}