{
  "AUC": 0.9737333333333331,
  "AP": 0.9552491830065359,
  "EER": 0.03000000000000001,
  "thr_EER": 1.0,
  "Brier": 0.038531244697815985,
  "thr_at_FPR_1pct": Infinity,
  "CM_at_EER": [
    [
      144,
      6
    ],
    [
      3,
      147
    ]
  ],
  "CM_at_FPR_1pct": [
    [
      150,
      0
    ],
    [
      150,
      0
    ]
  ]
}