{
  "AUC": 0.9556888888888888,
  "AP": 0.9523123104977835,
  "EER": 0.08999999999999998,
  "thr_EER": 0.2857142857142857,
  "Brier": 0.07336273154041774,
  "thr_at_FPR_1pct": 1.0,
  "CM_at_EER": [
    [
      135,
      15
    ],
    [
      12,
      138
    ]
  ],
  "CM_at_FPR_1pct": [
    [
      149,
      1
    ],
    [
      34,
      116
    ]
  ]
}