{
  "AUC": 0.9836888888888888,
  "AP": 0.9796472834641655,
  "EER": 0.04333333333333331,
  "thr_EER": 0.2857142857142857,
  "Brier": 0.03313236230945361,
  "thr_at_FPR_1pct": 1.0,
  "CM_at_EER": [
    [
      141,
      9
    ],
    [
      4,
      146
    ]
  ],
  "CM_at_FPR_1pct": [
    [
      149,
      1
    ],
    [
      14,
      136
    ]
  ]
}