{
  "AUC": 0.9902666666666667,
  "AP": 0.9897479139218269,
  "EER": 0.026666666666666672,
  "thr_EER": 0.5588312272933564,
  "Brier": 0.023319104895559745,
  "thr_at_FPR_1pct": Infinity,
  "CM_at_EER": [
    [
      150,
      0
    ],
    [
      8,
      142
    ]
  ],
  "CM_at_FPR_1pct": [
    [
      150,
      0
    ],
    [
      150,
      0
    ]
  ]
}